위도_mclp,경도_mclp,가까운_cctvid,거리,소재지지번주소,위도_cctv,경도_cctv
37.41533865834483,127.42724610766275,23331,2138.97764959879,경기도 여주시 산북면 상품리 145-4,37.40344807,127.4462601
37.3963531352433,127.32736861563812,3155,1241.0283871841345,경기도 광주시 학동리 14-37,37.39317361,127.3408052
37.71681095160404,127.3078191403619,6012,830.700628191356,경기도 남양주시 수동면 외방리 552-1,37.72407327,127.305541
37.41368361468508,127.22366430621057,2928,871.9367666394717,경기도 광주시 중대동 210-9대,37.40843776,127.2163326
37.42340249899144,126.6668702243456,15002,7098.353372148844,경기도 시흥시 월곶동 1013-5번지,37.3887471,126.7342551
37.28449065540026,127.4599203758904,28217,334.19766530410465,경기도 이천시 갈산동 592-19,37.2856509,127.4564427
37.66275219232062,127.20343875136442,6362,1211.997031371333,경기도 남양주시 진건읍 송능리 119-2,37.67288191,127.1983083
37.694035254385696,127.00591673876912,21240,3335.0590679592183,경기도 양주시 장흥면 울대리 84-13,37.71459404,126.9783352
37.56113392887231,127.42124480506747,22078,2652.3756005830805,경기도 양평군 양서면 증동리 480-15답,37.53754308,127.416449
37.63102644461197,126.59148810729197,5093,2035.198737314179,경기도 김포시 양촌읍 학운리 3711,37.613812,126.59943
37.432969022428566,127.019224759926,1661,967.2908036474254,경기도 과천시 막계동 978-14전 거북성 3R,37.43749916,127.0098876
37.74631903587943,127.2308536339024,6550,1403.585301248583,경기도 남양주시 진접읍 진벌리 444-14,37.73812989,127.218719
37.56274096233109,127.04940543008264,3581,5673.5241352255425,경기도 구리시 아천동 314-4,37.56242421,127.1136195
37.48358434157311,127.1718623318972,33874,876.1556249977438,경기도 하남시 감이동 374-34,37.48721603,127.1630664
37.50121024071152,127.06229773949288,1813,4892.251190025434,경기도 과천시 주암동 62-16,37.46348195,127.0336941
37.71924648048781,127.08993745305692,27225,955.1252613160345,경기도 의정부시 고산동 510-2,37.71954692,127.1007641
37.35681613236956,127.28766382315747,2981,1921.772878004247,경기도 광주시 초월읍 산이리 207-24,37.36003919,127.3089771
37.08879366309532,126.99245801376152,37112,162.42724782698454,경기도 화성시 양감면 정문리 113,37.08787225,126.9910386
37.51052631387716,126.95720044230772,1651,6713.348285891082,경기도 과천시 과천동 산95-17 남태령고개,37.45585202,126.9896697
37.5937708484239,127.11146130516616,3282,920.2003347421676,경기도 구리시 교문동 339-33,37.60011528,127.1181693
37.053437738984975,127.24528538467824,17589,1373.8139292404585,경기도 안성시 고삼면 대갈리 596,37.06559739,127.2481807
37.530519621862766,127.42766476393788,22624,1161.9319904988572,경기도 양평군 옥천면 아신리 1000,37.52586767,127.4394409
37.40793022219584,126.7820186026182,15351,219.44029225203795,경기도 시흥시 포동 13-29,37.4071045,126.7842707
37.153234585367805,127.07662694498208,24517,260.6245657517167,경기도 오산시 오산동 920-1번지,37.1555586,127.0762054
37.59588519437653,127.0137696085698,3586,8967.244808630592,경기도 구리시 아천동 387-18,37.57636362,127.1122884
37.53307844990589,126.73674918835506,7818,2393.6317836589087,경기도 부천시 삼정동 12-6,37.53024933,126.7635961
37.03358955963967,127.00566327098512,33216,880.7779060270104,경기도 평택시 해창리 1040-5,37.03768325,127.0141444
37.73121907912472,127.34646780896318,6014,2989.5020192793404,경기도 남양주시 수동면 외방리 산 42,37.72943356,127.3126298
37.893730268238166,127.18749120506357,33645,554.5367709131775,경기도 포천시 신읍동 277(마을회관앞),37.8969545,127.1826752
37.37563903818938,127.13406017476028,9589,61.000852904715245,경기도 성남시 분당구 서현2동 302번지 서당어린이공원(분당34호) 서당초등학교 주변,37.3752216,127.1345082
37.74877317302246,127.13446486276294,27230,1361.2608565388052,경기도 의정부시 고산동 866,37.74571167,127.1195083
37.41259068318407,127.02616520106518,1677,1759.6554955237539,경기도 과천시 문원동 115-248번지,37.42292826,127.0110935
37.52339079980552,127.10743317379504,33865,3584.703979184413,경기도 하남시 감북동 431,37.51539586,127.146721
37.46069106103468,127.31068092132664,3117,1026.544372605955,경기도 광주시 퇴촌면 광동리 277-2도,37.46940942,127.3068061
37.54664454793587,126.82690360860867,7475,1887.6028856539072,경기도 부천시 고강동 275-11,37.53242555,126.8151855
37.38283045984557,126.96657067220036,19358,209.4860302764122,경기도 안양시 동안구 귀인동,37.38284838,126.9642054
37.37827864194906,127.21636903230215,2726,499.3599953500691,경기도 광주시 목동 517,37.38155928,127.2125104
37.70435866483152,127.24886289758236,6135,2377.0087557889824,경기도 남양주시 오남읍 오남리 산50-2,37.69390757,127.2253369
37.48669659798537,127.52875665455753,22238,547.435092027521,경기도 양평군 양평읍 백안리 231번지,37.49150726,127.5301236
37.7453014253112,127.10252164204424,27506,165.86871334651053,경기도 의정부시 민락동 885-1,37.74557251,127.1043724
37.24202278805078,127.41225606013676,29823,1301.5116092190026,경기도 이천시 호법면 안평리 406-10번지,37.2345521,127.4235624
37.53843576284164,127.41999489639046,22078,328.67705209549695,경기도 양평군 양서면 증동리 480-15답,37.53754308,127.416449
37.110564021844,126.92303490779642,38757,321.6742759903237,경기도 화성시 향남읍 하길리 437-6,37.1083583,126.920687
37.0315388745783,127.30160708024688,18248,600.9123324039023,경기도 안성시 보개면 곡천리 102-5,37.02907808,127.2955912
37.3879296426747,127.3938095965555,2565,1166.1447675087586,경기도 광주시 곤지암읍 건업리 186-4천,37.39295346,127.4053755
37.428434689227,127.37498426371212,21485,2984.5512829282015,경기도 양평군 강하면 항금리 452-1답,37.4461321,127.4003758
37.65742926407329,127.2813742713811,6922,35.14005776692173,경기도 남양주시 화도읍 묵현리 367-2번지 신흥빌라,37.657137,127.2815274
37.16265237634487,127.08493851325449,35515,95.41226205050788,경기도 화성시 방교동 869-1,37.16186606,127.0845042
37.11830462752537,127.2331079366661,18642,1149.4052266165882,경기도 안성시 양성면 노곡리 625-4,37.11031166,127.2413319
37.22403765812263,126.77249995409674,34943,1465.555885829391,경기도 화성시 마도면 두곡리 110-7,37.21202873,126.7793678
37.38651740870408,127.18620201910144,2727,934.7860802367663,경기도 광주시 목동 산52임,37.37995271,127.1928149
37.63008327775206,126.7256367977654,4946,573.1601907771126,경기도 김포시 사우동 836 (사우교),37.625111,126.72739
37.72851155456898,126.71000083932138,30414,232.35030360307894,경기도 파주시 문발동 548-2번지,37.72834805,126.7073732
37.8300302819737,126.91614555463968,20709,2620.01202440654,경기도 양주시 광적면 비암리 234-24,37.808723,126.928952
37.5958117776475,126.92251225712612,576,3829.5800759897274,경기도 고양시 덕양구 덕은동 563-10,37.5945583,126.8791772
37.72707671846972,126.82193171369224,30192,215.81386018308874,경기도 파주시 대원리 197-2,37.72593251,126.8199524
37.49167583592308,127.2920746903214,2755,994.2105881758911,경기도 광주시 분원리 66-4,37.49405251,127.3029142
37.31118143050679,126.83521916874402,15565,161.2231613993111,경기도 안산시 단원구 고잔동 728,37.31261494,126.8349247
37.36156334468166,127.25433169627031,2885,1018.8107083046905,경기도 광주시 오포읍 매산동 산106-1,37.36111275,127.2428451
37.31258564242011,127.06248925212714,25535,789.698956972032,"경기도 용인시 수지구 성복동 397-2 동명주택 앞 사거리, 수지포스힐 앞, 402-18",37.319405,127.059946
37.795985651773854,127.06134123099687,20627,986.9872701515523,경기도 양주시 광사동 652,37.7917803,127.0712148
37.697677483920366,126.8659984446142,539,1004.5801360185851,경기도 고양시 덕양구 관산동 336-32,37.68898877,126.862808
37.61738914924621,126.6014396375692,5093,434.8675809859197,경기도 김포시 양촌읍 학운리 3711,37.613812,126.59943
37.649005491849856,127.11457143296523,5824,181.29196209910407,경기도 남양주시 별내동 1084-12,37.65063784,127.1146455
37.21498091705398,127.17623101447168,26195,1864.3189272686282,경기도 용인시 처인구 역북동 594-1 동그라미유치원(솔가의집 뒤),37.228974,127.187853
37.076788900748745,127.31189806799158,18267,816.8661753911704,경기도 안성시 보개면 남풍리 1235-1,37.07826662,127.3028987
37.812057665046986,126.91895254412506,20713,652.3837511725948,경기도 양주시 광적면 비암리 693-5,37.806363,126.920787
37.06422507090448,127.0830654829659,32737,977.5449139623543,경기도 평택시 이충동 216,37.06258773,127.0722657
37.24951436134281,127.4527626923665,28232,596.1413104575705,경기도 이천시 고담동 432-5번지,37.2447744,127.4559237
37.122122277679296,126.89955836933191,38629,709.5257211223434,경기도 화성시 향남읍 제암리 455-10,37.12122273,126.8916539
37.38316465864042,126.67993135378462,15159,4116.2345857279015,경기도 시흥시 정왕3동 1982-14,37.3472499,126.6915282
37.85244890163128,127.07334103497212,20942,649.080813769238,경기도 양주시 덕정동 산3-5,37.846608,127.073702
37.15812898110919,127.01653267563648,37902,655.8137783607218,경기도 화성시 정남면 내리 16-4,37.16183851,127.0222799
37.1176344594699,127.11301991639938,31621,538.6899953443101,경기도 평택시 동천리 355-7,37.11367369,127.1095162
37.382238476091615,127.5577709309165,23259,1338.5793064659201,경기도 여주시 대신면 보통리 270-6,37.3807865,127.5727751
37.34347252554959,126.7636646169356,15987,530.9824987975859,경기도 안산시 단원구 신길동 1437,37.33891753,126.7618317
37.421150264184405,126.9582071523504,19221,1459.7117466915174,경기도 안양시 동안구 관양1동 495,37.4085794,126.9630556
37.35498203735701,127.578797039224,23273,1472.8959378780748,경기도 여주시 대신면 초현리 491-3,37.36659924,127.586835
37.24711411843478,127.29682266859622,26135,965.3785614813223,경기도 용인시 처인구 양지면 양지리 1-4(2-8) 학촌마을 총신대 입구,37.239654,127.302418
37.30509697065672,127.34084201100302,2693,860.9862546977988,경기도 광주시 도척면 노곡리 292-11대,37.30140298,127.3323022
37.44741129038273,126.92125246808996,20084,1990.8879385339833,경기도 안양시 만안구 석수동 산68-2,37.42993517,126.9161792
37.31843038893329,127.12075152601383,24950,83.28604956783563,경기도 용인시 기흥구 보정동 1378(도) 극동스타클래스 4차 1단지와 하니카운티 단지 사이,37.31768,127.120762
37.17194707904359,127.09898308371568,36584,132.58089634557012,경기도 화성시 송동 681-625,37.17077578,127.0986895
37.11859463324869,127.0186879067134,32235,228.47292540054528,경기도 평택시 수월암리 1120-1,37.12003064,127.0168458
37.78038656012903,126.9519063101949,21053,297.69518180448847,경기도 양주시 백석읍 홍죽리 산82-9(소사고개),37.78303253,126.9524593
37.62808005438952,126.65588872737048,5359,1245.3747178283916,경기도 김포시 장기동 1888-14,37.639282,126.656703
37.664897131575614,126.74978056254636,1371,255.16538700992092,경기도 고양시 일산서구 대화동 2607,37.66571183,126.7470762
37.67674421415083,126.8001400008328,1275,435.1555584447035,경기도 고양시 일산동구 풍동 1245,37.6729932,126.7987047
37.30480408054952,126.8180993157668,16417,197.0755839614166,경기도 안산시 단원구 초지동 740-1번지,37.30585667,126.816309
37.8387755279815,127.01526367476156,21150,888.435297145515,경기도 양주시 은현면 도하리 264-1,37.846587,127.013061
37.20663263084751,127.00807011309256,36637,357.50010869074134,경기도 화성시 송산동 202-181,37.20977535,127.008954
37.65545117009782,127.2272532613426,6651,529.1262409298632,경기도 남양주시 평내동 466-4,37.65144425,127.2305021
37.3591275372703,126.69500339926368,15159,1353.7108902268117,경기도 시흥시 정왕3동 1982-14,37.3472499,126.6915282
37.20162133547317,126.80294587812617,34647,434.89074926771343,경기도 화성시 남양읍 남양리 337-6,37.20512605,126.8007546
37.2978599100342,127.49081227317352,28789,986.5206344468656,경기도 이천시 백사면 우곡리 산 1-36,37.302705,127.500141
37.95510023236116,127.05763558286364,7120,462.8640391169488,경기도 동두천시 상봉암동 71-1번지,37.95357811,127.0625388
37.80837130474648,127.1636130733351,33546,1167.1055141190122,경기도 포천시 소흘읍 이가팔리 728-1 이가팔사거리,37.8183091,127.1592816
37.73673770939882,126.95868679005378,21235,447.0023373680524,경기도 양주시 장흥면 석현리 산2-24(대동교),37.73839266,126.9540635
37.21467289273235,127.24667306274576,26130,766.3635500198513,경기도 용인시 처인구 양지면 송문리 292-12 반정마을,37.217367,127.254623
37.89739932351221,126.93767062867305,30407,1089.300874285177,경기도 파주시 무건리 12-5,37.90408148,126.9467416
37.0158652639898,127.20260444211176,17632,227.01588739374566,"경기도 안성시 공도읍 마정리 112-52(안성맞춤가족공원, 세븐일레븐 앞)",37.01382222,127.2027318
37.29729261291317,127.19754230377656,26360,2056.5189256747426,경기도 용인시 처인구 처인구 포곡읍 전대리 546-93,37.2874938,127.2172272
37.54076870595426,127.3372249897403,22060,601.6085094174026,경기도 양평군 양서면 용담리 680-5천,37.54524971,127.3333946
37.73456485676089,126.92286874389671,21251,1274.375663996204,경기도 양주시 장흥면 일영리 399,37.72567,126.93201
37.134072746807824,127.338663158308,26351,2268.7061180792366,경기도 용인시 처인구 처인구 백암면 근삼리 산61-2,37.146583,127.358858
37.54985063941762,127.05167987355266,3581,5648.05222758321,경기도 구리시 아천동 314-4,37.56242421,127.1136195
37.44197360747916,127.11752349902751,10291,361.35312308651044,경기도 성남시 수정구 수진2동 4690-29번지 (탄천진입통로),37.440021,127.120791
37.157224061690805,127.16134629702007,25951,464.36795954803875,경기도 용인시 처인구 남사면 아곡리 산24,37.156378,127.166466
37.483205679875965,127.142305644835,34436,673.9594212880736,경기도 하남시 학암동 676-2,37.48040464,127.1490665
37.81054254577144,127.0534313645491,20834,248.3501770726057,경기도 양주시 덕계동 320-2,37.810203,127.056219
37.61594363578287,126.71750594146702,4937,258.4330822234377,경기도 김포시 사우동 271-8,37.618115,126.716449
37.35211196878496,126.7817421872762,14655,379.9828661021729,경기도 시흥시 거모동 1379,37.3486969,126.7820475
37.416823932595655,127.02663052116414,1677,1533.1473523957065,경기도 과천시 문원동 115-248번지,37.42292826,127.0110935
37.61719449589822,126.71222848026078,4901,51.047395924645734,경기도 김포시 사우동 1266 (해맑은어린이집),37.616951,126.712719
37.84622485274814,127.13714986927005,33507,1118.2874564528493,경기도 포천시 소흘읍 송우리 268-5 원암어린이집,37.8387507,127.1456696
37.409132911376126,127.014493020084,26872,958.0897146377434,경기도 의왕시 청계동 619-4,37.40219125,127.0080601
37.69802742464285,127.16002862536624,6457,1093.8630291027166,경기도 남양주시 진접읍 내각리 253번지,37.70568748,127.1678332
37.46455153894089,127.22324760190352,2650,1973.9053515507799,경기도 광주시 남한산성면 광지원리 159-13답,37.46332529,127.2455066
37.47653555235353,127.5204063067762,22584,184.18966440134432,경기도 양평군 양평읍 창대리 산65-1,37.47492222,127.5208944
37.86978682123645,126.93794542148063,20737,1349.7093321269517,경기도 양주시 광적면 효촌리 531-10,37.8609556,126.94849
37.02756107344255,127.12154700503196,18811,955.370684201044,경기도 안성시 원곡면 외가천리 333-1,37.0349878,127.126977
37.62487478487347,126.79605109247257,1079,1798.6300745792953,경기도 고양시 일산동구 백석동 1300,37.64049,126.790602
37.61286476756302,127.26102131723492,6232,462.21268095564653,경기도 남양주시 와부읍 월문리 269-4,37.60878127,127.2620487
37.25779386302008,127.5935526573393,23099,2532.8554247700945,경기도 여주시 가남읍 본두리 376-8,37.23636433,127.5837329
37.03281119095397,126.9844631938985,31746,224.8119099927898,경기도 평택시 백봉리 606-5,37.03079818,126.9841805
37.6389281943696,127.0331353023318,28071,5989.827012452782,경기도 의정부시 장암동 382-38,37.68954622,127.0566785
37.72104573841666,126.69440205375976,29907,663.3065635683782,경기도 파주시  문발동 산3-14,37.726033,126.6985475
37.52365519424945,127.18483275431252,34347,344.47158718065754,경기도 하남시 춘궁동 591,37.52106747,127.1869843
37.8752069188949,126.92777617213416,30533,2143.4092951793264,경기도 파주시 법원읍 오현리 392-1번지,37.85623504,126.9323215
37.7337634841788,126.76846221574392,30926,230.3678067491816,경기도 파주시 와동동 1502,37.73578676,126.7678794
37.811756958074575,127.17226954116316,33546,1355.268281695711,경기도 포천시 소흘읍 이가팔리 728-1 이가팔사거리,37.8183091,127.1592816
37.6414709327327,126.70816451164588,4529,358.3450103417274,경기도 김포시 걸포동 4-63,37.641286,126.704111
37.30679908929344,127.55523992993444,23632,327.7607935844878,경기도 여주시 흥천면 신근리 330-17,37.30963128,127.5562876
37.79774113558555,127.03797888580398,21066,555.5400578166546,경기도 양주시 산북동 258-1,37.798209,127.044259
37.07454003915865,127.23661080021664,17586,1136.2871507848276,경기도 안성시 고삼면 대갈리 361,37.06882517,127.2472128
37.64431254573117,127.2430006904668,6667,266.6516442923881,경기도 남양주시 평내동 606-3,37.64353277,127.2401429
37.83111850546469,127.1013969369708,21105,246.67196486280758,경기도 양주시 옥정동 1027-1,37.831609,127.098664
37.8448715886468,126.93697160539809,30533,1326.0076301842169,경기도 파주시 법원읍 오현리 392-1번지,37.85623504,126.9323215
37.385401434979485,126.86030492578612,15336,113.70716739738397,경기도 시흥시 조남동 조남동 171-53,37.3863889,126.8599627
37.18322167824861,127.47035260231812,28680,379.98311823245604,경기도 이천시 모가면 원두리 156-2번지,37.185025,127.466715
37.68451313091043,126.71704077460625,1297,476.27235146472367,경기도 고양시 일산서구 가좌동 1098,37.68687141,126.7215518
37.06342289876874,127.03872027231688,31646,842.8666178473976,경기도 평택시 두릉리 798-11,37.06248709,127.0293155
37.60827858240198,126.89559711116884,576,2102.697665931391,경기도 고양시 덕양구 덕은동 563-10,37.5945583,126.8791772
37.63407103988781,127.4270223721742,21681,806.3674050374434,경기도 양평군 서종면 명달리 산78-5,37.63928025,127.4333907
37.73143764871242,127.00176036915472,21236,1126.5457470309423,경기도 양주시 장흥면 울대리 289-5,37.72643056,126.9906444
37.9713005779621,127.05612764060253,7452,958.1341454496536,경기도 동두천시 하봉암동 157-1,37.97401377,127.0664796
37.38730272975712,127.209440152325,2726,693.006080676247,경기도 광주시 목동 517,37.38155928,127.2125104
37.221171538208175,127.41700890843636,29871,144.24949766398723,경기도 이천시 호법면 후안리 600,37.221104,127.418632
37.10470518696972,127.23228012235684,18642,1017.0959971278269,경기도 안성시 양성면 노곡리 625-4,37.11031166,127.2413319
37.25965942920315,126.7682576224564,36648,1666.1928388530418,경기도 화성시 송산면 고정리 111-4,37.25050968,126.753367
37.27175613519364,127.49968124026104,28939,1207.037275284654,경기도 이천시 부발읍 아미리 451-2,37.260932,127.498355
37.453473146831485,126.9427091191575,20084,3512.327842819506,경기도 안양시 만안구 석수동 산68-2,37.42993517,126.9161792
37.58533433606412,127.02570104044491,3586,7712.796757873012,경기도 구리시 아천동 387-18,37.57636362,127.1122884
37.26561172416222,127.45635818793885,29679,207.01302755496587,경기도 이천시 진리동 159,37.2656694,127.4586909
36.97993985922307,127.11687175452074,32677,441.894761872279,경기도 평택시 유천동 200-3,36.9766804,127.1197225
37.88013265977129,127.08085709518396,7336,1154.1462541274423,경기도 동두천시 송내동 282-9번지,37.88250874,127.068085
37.143357852646034,127.19550906637656,26312,504.00294606597026,경기도 용인시 처인구 이동읍 송전리 690-3 송전초등학교 1 후문,37.13971,127.198888
37.66763615541683,127.03742593454156,28107,2960.335179762197,경기도 의정부시 호원동 200-65,37.69368652,127.044629
37.76940108111842,127.0549496771433,20946,863.6669865507229,경기도 양주시 마전동 146,37.777064,127.053246
37.52150382510844,126.79796056203972,8597,60.11777689376701,경기도 부천시 여월동 1-49,37.52151324,126.7972806
37.34860692320727,127.3435075474118,2572,143.14483982681955,경기도 광주시 곤지암읍 곤지암리 343-53임,37.34734145,127.3431954
37.47724160151984,127.20667902491763,34125,2983.9156703200943,경기도 하남시 상산곡동 171-3,37.49316252,127.2338656
37.59906129715655,127.22843021763542,6157,942.6904021388955,경기도 남양주시 와부읍 덕소리 255-4,37.59289882,127.2210843
37.6765405659741,126.98315011894113,21209,2381.690850433779,경기도 양주시 장흥면 교현리 411-5,37.693114,126.965999
37.76649827704183,127.29856882522886,5995,1342.5213878570225,경기도 남양주시 수동면 내방리 327-4,37.76529254,127.283408
37.2600615600899,127.34926699924468,28434,368.29332413171164,경기도 이천시 마장면 양촌리 131번지,37.25675,127.348999
37.22615651232566,127.35427392407736,28602,1104.140760538493,경기도 이천시 마장면 해월리 284-1,37.2195736,127.3449459
37.96801681219168,126.9764910084304,23923,1670.4025346529845,경기도 연천군 전곡읍 늘목리 산123,37.95365028,126.9821512
37.60281747657607,127.16876598035198,5677,514.4597429707043,경기도 남양주시 다산동 3065번지,37.6074257,127.169394
37.37823974710493,127.17653975782966,2727,1453.9367479925938,경기도 광주시 목동 산52임,37.37995271,127.1928149
37.55805165798203,126.66676241042823,4639,6397.903257857368,경기도 김포시 고촌읍 태리 552-9 (김포-인천 경계 원당교) 인천방향,37.593449,126.723926
37.05419864526026,127.02682401582766,31646,946.1580006946409,경기도 평택시 두릉리 798-11,37.06248709,127.0293155
37.57879029256233,126.78152012966171,4613,1875.8630369044895,경기도 김포시 고촌읍 전호리 758(GS물류센터 사거리),37.591049,126.796141
37.11377065385538,127.30958219586294,18309,985.0150923915239,경기도 안성시 보개면 북가현리 520-3,37.10489679,127.3093609
38.018103829019495,127.00513036401756,23701,1927.382771000853,경기도 연천군 미산면 마전리 196-1,38.02606669,126.985624
37.498855447717474,127.0057535088891,1816,4595.799869827849,경기도 과천시 주암동 65-7번지 (정보통신연구원 한아름빌라옆),37.46322377,127.0322257
37.12431782034847,127.2747090527871,18635,1957.5364452855208,경기도 안성시 양성면 노곡리 206-1,37.11048764,127.2610386
37.93574484873905,126.9924536727861,23922,1493.960116256523,경기도 연천군 전곡읍 늘목리 526,37.9473186,127.0011298
37.02305476514101,127.12207147327624,32839,714.8235011965282,경기도 평택시 죽백동 442-1,37.01774285,127.1175282
37.88895156923887,127.0092195565356,21192,753.1412314719336,경기도 양주시 은현면 하패리 1038-8,37.8946,127.013964
37.3653549354901,127.16527266769305,2827,628.0614894594605,경기도 광주시 신현동 307-22,37.3633349,127.1718955
37.57863785898234,127.20738582348088,6179,824.2938113619972,경기도 남양주시 와부읍 덕소리 510-4번지,37.58517619,127.211812
37.30668151024448,127.0083592377887,13487,276.6899877741913,경기도 수원시 장안구 조원동  912-2,37.30761808,127.0112517
37.37317484513899,126.89067418786207,17127,1203.502827636785,경기도 안산시 상록구 수암동 277-2,37.36414173,126.8831574
37.6212303636093,126.6975895725945,4497,131.5052883146241,경기도 김포시 감정동 700,37.622412,126.69748
37.56319148713569,127.46926051729828,22675,3097.4705935327293,경기도 양평군 옥천면 용천리 148-62번지,37.55384554,127.5022929
37.9619894842575,126.95531527474138,29951,869.7099413256174,경기도 파주시 객현리 207-6,37.96935007,126.9519219
37.22486944189205,126.7620413463476,36797,1576.719578554179,경기도 화성시 송산면 삼존리 801-10,37.21076965,126.7598629
37.153515091998464,126.9314118479843,38142,502.4573022139223,경기도 화성시 팔탄면 가재리 318-1,37.15431025,126.9258435
37.32871039773366,127.34766869801196,2716,932.4503532942673,경기도 광주시 도척면 진우리 528-4장,37.32161662,127.3420315
37.22060237838247,127.17555997206256,26195,1433.0003278922286,경기도 용인시 처인구 역북동 594-1 동그라미유치원(솔가의집 뒤),37.228974,127.187853
37.34172962236546,127.29707031947434,2636,2049.9878634484617,경기도 광주시 궁평리 466-2,37.34109829,127.3201912
37.18493892540627,127.2107066739415,26361,551.5139033666984,경기도 용인시 처인구 천리 128-4(도) 아띠헤어? 옆,37.189718,127.209004
38.06988951077029,127.07257436719227,23868,432.08146779360044,경기도 연천군 연천읍 통현리 368-7,38.06600239,127.072838
37.293613758732015,126.877012973578,17517,133.5258610769161,경기도 안산시 상록구 팔곡이동 508-4,37.29470352,126.8776511
37.36226430296987,127.6154607899096,23273,2581.0534923799864,경기도 여주시 대신면 초현리 491-3,37.36659924,127.586835
37.02428602532401,127.30360717423254,18252,256.73339516127,경기도 안성시 보개면 구사리 220-2,37.02197385,127.3036999
37.42534711229321,126.67993814035157,15002,6294.9455871308755,경기도 시흥시 월곶동 1013-5번지,37.3887471,126.7342551
37.49389995327126,127.52091250627235,22253,379.96544225810914,경기도 양평군 양평읍 백안리 559-4번지,37.49520512,127.5169403
37.94575742321097,127.0557739379842,7113,375.748772649825,경기도 동두천시 상봉암동 144-7번지,37.94312213,127.0584572
37.32206041466799,126.83687812822978,15520,143.04544676222537,경기도 안산시 단원구 고잔동 672,37.32217148,126.838486
37.69184345729112,127.23235690901652,6135,660.1733483303146,경기도 남양주시 오남읍 오남리 산50-2,37.69390757,127.2253369
37.71640735686429,127.0091975608886,21236,1978.178874407716,경기도 양주시 장흥면 울대리 289-5,37.72643056,126.9906444
37.24062796369852,127.62207273603178,23355,776.7267216493569,경기도 여주시 상거동 256-1,37.24194541,127.6306701
37.22496932482454,126.91164941799865,35640,1706.3049772176698,경기도 화성시 봉담읍 내리 303-3,37.22729665,126.9306544
37.79538177638749,127.2055085528456,33423,1560.3258873589843,경기도 포천시 내촌면 진목리 산22-17,37.8050892,127.2183232
37.49676839976616,126.81699974888215,8659,656.5785913626689,경기도 부천시 역곡동 128-2,37.49659085,126.8095782
37.33142661980165,127.13394009206334,25643,91.16863368255304,"경기도 용인시 수지구 죽전동 1366 내대지마을 주공5단지 완장어린이공원, 죽전로238번길",37.330683,127.133503
37.54395550588983,126.83236681593866,7570,1892.2995589916945,경기도 부천시 고강동 413-9,37.52810751,126.8244714
37.49080383821972,127.30271425337224,2755,360.9933041885696,경기도 광주시 분원리 66-4,37.49405251,127.3029142
37.488091922915714,127.48675655839315,22482,344.2367434513519,경기도 양평군 양평읍 양근리 638,37.48624863,127.4898869
37.09968416252397,127.15027216006098,18802,991.7811139749778,경기도 안성시 원곡면 성주리 308-4,37.09079218,127.1491585
37.79854700826225,126.96615734412876,21049,547.185255495082,경기도 양주시 백석읍 홍죽리 945,37.799633,126.960097
37.57820821428705,127.3277061094687,21725,2272.819715051215,경기도 양평군 서종면 문호리 940-19천,37.59229492,127.346383
37.54118181935664,126.91039877469952,574,5709.248486855764,경기도 고양시 덕양구 덕은동 225-4,37.58516769,126.8768944
37.154009986686575,126.89440820294372,38160,971.3053347302953,경기도 화성시 팔탄면 구장리 522-1,37.16005308,126.9023178
37.92069745777732,127.17201337266366,33645,2797.168941521458,경기도 포천시 신읍동 277(마을회관앞),37.8969545,127.1826752
37.6374030637186,127.46352594944858,323,1764.8331445674476,경기도 가평군 설악면 천안리 405-4,37.64981411,127.4760264
37.59818959748671,127.27711554292716,6232,1775.3985511229946,경기도 남양주시 와부읍 월문리 269-4,37.60878127,127.2620487
37.01623860363923,127.18828122798028,17708,688.4147510831864,경기도 안성시 공도읍 만정리 91-5,37.01624062,127.1805456
37.411493073894,127.57399741585644,21490,444.5277728368457,경기도 양평군 개군면 계전리 산72-1,37.41519833,127.5720906
37.36155246819776,127.15361701935792,2886,759.8684756637693,경기도 광주시 오포읍 신현동 1244,37.35683755,127.1473977
37.63041317687483,127.09395273848284,3220,1781.817468516423,경기도 구리시 갈매동 617-7,37.63040535,127.1141384
37.14514706802928,126.87399390473014,38208,168.18247631752985,경기도 화성시 팔탄면 덕천리 163-9,37.1451076,126.8721015
37.61796090327063,127.00396280941116,781,8727.385872706958,경기도 고양시 덕양구 지축동 595-7,37.65974355,126.9201965
37.82526902971015,126.8358454834403,30834,357.17733574297057,경기도 파주시 연풍리 299-5,37.82848495,126.8359917
37.026194378919726,127.25102400606016,18087,633.9680473363131,경기도 안성시 대덕면 신모산동 2 (대덕터널),37.02241468,127.2456819
37.42633556056251,127.00870148242042,1674,122.02216809662939,경기도 과천시 문원동 115-21(시립문원어린이집),37.42543646,127.0094949
37.65499912252226,126.88144594466463,741,329.7098075537893,경기도 고양시 덕양구 원흥동 693,37.65285097,126.8788652
37.81936776494726,127.19329217102393,33344,601.0166991297099,경기도 포천시 가산면 정교리 549 정교초교,37.8147149,127.1898006
37.28583457504231,126.83499394243364,17057,726.4375328029286,경기도 안산시 상록구 사동 1632-2,37.27931424,126.8342765
37.625065709415125,127.33920929263816,21706,1267.4667488415987,경기도 양평군 서종면 문호리 600-2천,37.62380697,127.3534794
37.37535707373874,126.73263072862008,15181,862.591654796488,경기도 시흥시 정왕4동  1777번지(1774-1),37.3687164,126.7376907
37.47306535901675,126.87884284601267,2449,463.9276634453425,경기도 광명시 하안동 24번지,37.46890675,126.8793732
37.55434696113374,127.06330477762916,3581,4535.123593351981,경기도 구리시 아천동 314-4,37.56242421,127.1136195
37.741483297758734,127.01084057350867,27075,1276.6952268698276,경기도 의정부시 가능동 562-1,37.74682407,127.0236699
37.77200174011952,127.19112656204196,6495,2001.2591001931944,경기도 남양주시 진접읍 부평리 산99-31번지,37.75451115,127.1856094
37.46215436822179,127.43922485406895,21359,2629.6838135236467,경기도 양평군 강상면 병산리 894,37.48463611,127.4486111
37.2959756300082,127.49517149203533,28895,746.0723027194601,경기도 이천시 부발읍 신원리 580-55,37.2977434,127.5032899
37.40256068527512,126.95085958555622,19497,123.02773922734376,경기도 안양시 동안구 비산3동 1057,37.40151073,126.9513052
37.63604727642513,126.90108385620076,597,1615.8215654506246,경기도 고양시 덕양구 동산동 394,37.64521889,126.8868661
37.475938929962986,126.8855545930351,2449,952.9572919115082,경기도 광명시 하안동 24번지,37.46890675,126.8793732
37.10507450555178,127.29872273515676,18309,945.823015441985,경기도 안성시 보개면 북가현리 520-3,37.10489679,127.3093609
37.54837984201305,127.51244787430932,22675,1083.1553201765005,경기도 양평군 옥천면 용천리 148-62번지,37.55384554,127.5022929
37.29452240051923,127.43873805654724,29131,351.0680489136632,경기도 이천시 송정동 107-57,37.29505,127.442642
37.54540557971914,127.47058773951184,22691,1824.8326812535036,경기도 양평군 옥천면 용천리 산59-1번지,37.53121414,127.4810142
37.98181582964414,127.02520941258288,7452,3727.929428966319,경기도 동두천시 하봉암동 157-1,37.97401377,127.0664796
37.70216071016835,126.8109569261719,1132,2001.0506344295318,경기도 고양시 일산동구 식사동 716-27,37.68426235,126.8082306
37.63905476449719,127.24627502149472,6667,734.8006897034566,경기도 남양주시 평내동 606-3,37.64353277,127.2401429
37.56767434384367,126.80379756248442,4613,2681.025099690427,경기도 김포시 고촌읍 전호리 758(GS물류센터 사거리),37.591049,126.796141
37.27120927890617,127.04455975478824,12285,95.75097548186983,경기도 수원시 영통구 매탄동 196-69,37.27164229,127.0454935
37.72893580508836,126.657897848854,5611,2640.2897822985897,경기도 김포시 하성면 양택리 167-2 (양택상회앞),37.732481,126.628281
38.03564188929083,127.03007865591223,23648,1069.8035916708884,경기도 연천군 군남면 남계리 167-3,38.02774052,127.0370565
37.65767579616405,126.7633663099161,1198,15.88439373450272,경기도 고양시 일산동구 장항동 907,37.6577997,126.7634564
37.131975774669804,126.95411080555743,38384,314.4869665407726,경기도 화성시 향남읍 동오리 502-2,37.13072456,126.9509353
37.54566854208002,127.24638351474384,34245,806.4670412054973,경기도 하남시 창우동 1-2,37.54237487,127.2382492
37.5958105117546,126.954592838651,576,6661.636935424477,경기도 고양시 덕양구 덕은동 563-10,37.5945583,126.8791772
37.643852453943694,127.18868678542934,6341,651.2324849327066,경기도 남양주시 진건읍 사능리 481-1,37.64775101,127.183172
37.20824378138322,127.3054459304762,26246,1777.148164971473,경기도 용인시 처인구 원삼면 사암리 1182-2,37.192231,127.305335
37.86942101686812,127.24894122215994,33369,2021.5361944643182,경기도 포천시 군내면 (화적연),37.8800248,127.2302602
37.17805694107956,127.15556045361224,25951,2593.5966596279113,경기도 용인시 처인구 남사면 아곡리 산24,37.156378,127.166466
37.42852643702762,127.0467841413799,10232,2250.9391056273867,경기도 성남시 수정구 상적동 213-1번지 경부고속도로 부근(청계로),37.4305929,127.0720837
37.39797174712728,126.8137525364888,15365,364.2368940223438,경기도 시흥시 하상동 367,37.3955819,126.8109333
37.831221611105626,126.962059862618,20688,915.7248224799362,경기도 양주시 광적면 가납리 738-15,37.823892,126.957285
37.693604461473456,126.89480424866878,510,861.6384323873131,경기도 고양시 덕양구 고양동 248-17,37.69956927,126.9010573
37.55338668643805,127.0068679380936,3581,9485.443837844905,경기도 구리시 아천동 314-4,37.56242421,127.1136195
37.60477629268506,127.40812787202005,21781,570.4073672841936,경기도 양평군 서종면 정배리 457-4도,37.60394198,127.4145019
37.75281245219375,127.2671308272183,5995,1994.003103772079,경기도 남양주시 수동면 내방리 327-4,37.76529254,127.283408
37.01890751938196,127.2866242101937,17555,445.0377440109646,경기도 안성시 가사동 34-13(경현종합건설 앞 ),37.01504901,127.2879864
37.25719814003313,126.89273579840524,35129,809.2925154136617,경기도 화성시 매송면 숙곡리 436-6,37.25345849,126.9005674
37.0900364689786,127.29136783727344,17610,663.432636209302,경기도 안성시 고삼면 쌍지리 892-2,37.09584303,127.2895936
37.265038103859474,127.13747389527882,25022,296.53023455208967,경기도 용인시 기흥구 상하동 578 (주)경동프라스틱,37.266898,127.139874
37.27537923073862,126.9490581287216,11406,139.3485683444232,경기도 수원시 권선구 금곡동 360-5,37.27534871,126.9474874
37.952927879385605,127.1923342230308,33595,1295.0541342733904,경기도 포천시 신북면 계류리 64 외북초교,37.9567104,127.1783945
37.19547703818841,127.43732169942392,29815,578.4291197721863,경기도 이천시 호법면 송갈리 661-2번지,37.1947324,127.4308735
37.17451291289955,126.98511797098818,37883,472.7793404886823,경기도 화성시 정남면 괘랑리 267-1,37.17824713,126.9876801
37.1444273737125,127.47780491824946,29014,1148.8093381650276,경기도 이천시 설성면 대죽리 694-4,37.1350175,127.4724168
37.41390200929519,126.9976958138278,1669,228.721526285207,경기도 과천시 문원동 1058(매봉 버스정류장),37.4121359,126.9963644
37.3731461906463,127.05521545205002,25385,1019.1833920835536,"경기도 용인시 수지구 고기동 797 (고기동->분당, 성남), 석운2교 앞 (1대)",37.364692,127.050723
37.22659209979002,127.0980695592131,24657,314.83661260001145,경기도 용인시 기흥구 고매동 674-4 이전 설치,37.228373,127.100831
37.49174957238835,126.99346354207208,1611,3922.4369295250394,경기도 과천시 과천동 380-2,37.45696098,127.001277
37.17395329310854,127.4700082820822,28693,897.1096018305086,경기도 이천시 모가면 진가리 157-1번지,37.1740884,127.4801085
37.69567128654446,126.78830829884576,1244,752.6063408427362,경기도 고양시 일산동구 중산동 1573-2,37.69151312,126.7815678
37.64763022318874,126.86391065290884,1009,256.8156203745496,경기도 고양시 원흥동 460-12 가시골교차로,37.64846776,126.8666234
37.44181044720671,127.47328964079476,21369,1137.9494054568042,경기도 양평군 강상면 세월리 산18임,37.44532898,127.4853681
37.44483984708052,126.82843023712483,14699,307.6665277590872,경기도 시흥시 과림동  354-5,37.4429876,126.831017
37.40270976050204,127.42589713061793,23347,1799.1393581958991,경기도 여주시 산북면 후리 283,37.40093276,127.4460945
37.091476737448176,127.18013514406042,18696,1620.0402060747058,경기도 안성시 양성면 산정리 산21-1,37.0817903,127.1937667
37.59636508507668,127.30432614665736,6301,3055.4193896681477,경기도 남양주시 조안면 삼봉리 200-14,37.59783895,127.338875
37.51645121978664,127.11844177722124,33887,2487.1429681974664,경기도 하남시 감일동 427,37.51297876,127.1462345
37.56455343927806,126.81211184636253,7469,2910.5095153440498,경기도 부천시 고강동 155-7,37.53861815,126.8072408
37.66768365098709,127.05552476001633,28071,2428.6688383232313,경기도 의정부시 장암동 382-38,37.68954622,127.0566785
37.60653934936659,126.7644129010244,4651,287.41613112727356,경기도 김포시 고촌읍 풍곡리 229-6,37.604062,126.763465
37.25523611368767,126.93735215915028,35214,305.6441757731545,경기도 화성시 매송면 천천리 1-36,37.25320651,126.9396809
37.9638232687506,127.16429451905412,33595,1469.2466235599916,경기도 포천시 신북면 계류리 64 외북초교,37.9567104,127.1783945
37.72092510166596,127.31368844990396,6012,798.778293209544,경기도 남양주시 수동면 외방리 552-1,37.72407327,127.305541
37.58712657117516,127.27989211817632,6232,2873.9282963254323,경기도 남양주시 와부읍 월문리 269-4,37.60878127,127.2620487
37.29046615268405,127.35007591713324,2679,516.1182460943844,경기도 광주시 노곡리 450-47,37.29510758,127.3497141
37.40512878877662,127.0513101937205,9788,1311.2143032129366,경기도 성남시 분당구 운중동 533-33(운중저수지 주변),37.393411,127.049421
37.24397597414792,127.3187901092619,26151,320.62367082320384,"경기도 용인시 처인구 양지면 제일리 699번지 제일초교 앞(카메라 2EA), 제일리 27-16",37.241099,127.319119
37.572714748249794,127.22067364249502,6205,459.79459431226894,경기도 남양주시 와부읍 도곡리 1124번지,37.56911794,127.2232561
37.54127351677382,126.7262316486688,7818,3521.770094438685,경기도 부천시 삼정동 12-6,37.53024933,126.7635961
37.34167427348012,126.89769294103084,4456,333.0350161688191,경기도 군포시 속달동 산 1-1,37.34132742,126.9014261
37.46038991817957,126.79002157483492,14823,583.5659213080808,경기도 시흥시 대야동 88-1,37.4554318,126.7878259
37.87430757743495,127.13136295778676,33479,1808.6237472711277,경기도 포천시 설운동 17(E마트 맞은편),37.8581675,127.1285372
37.44258233610378,127.05761129070522,10232,1846.9233115493553,경기도 성남시 수정구 상적동 213-1번지 경부고속도로 부근(청계로),37.4305929,127.0720837
37.65582485032469,127.25599708550274,6743,144.36933976187476,경기도 남양주시 호평동 710-4,37.65517038,127.2545832
38.05193442667223,127.08060535659948,23936,1097.3857927422846,경기도 연천군 전곡읍 은대리 418-4,38.05118386,127.0681386
37.16524585141064,127.0995538922189,36557,275.02810561266034,경기도 화성시 송동 143-1,37.16761166,127.1004757
37.790727279931474,126.85476296300172,30688,1192.9236454965192,경기도 파주시 신산리 359-29,37.78258585,126.8459218
37.06379333822715,127.33371170905907,18328,1879.1269811674956,경기도 안성시 보개면 신안리 111-2,37.05621406,127.3148189
37.14720479920869,127.17735835812304,25942,946.8536607424114,경기도 용인시 처인구 남사면 아곡리 209-2,37.152799,127.169311
37.74353689364787,126.77985921712376,30020,740.6743119027689,경기도 파주시 금촌동 1013,37.74972231,126.7767051
37.56039971065408,127.00751023108928,3581,9377.761340196126,경기도 구리시 아천동 314-4,37.56242421,127.1136195
37.46245821067436,126.99520171827432,1611,813.1095004221283,경기도 과천시 과천동 380-2,37.45696098,127.001277
37.2209613538202,126.8549031955366,34718,727.400185300828,경기도 화성시 남양읍 북양리 659-1,37.21490512,126.8517697
37.53920479255999,126.80285856981386,7469,392.734285728716,경기도 부천시 고강동 155-7,37.53861815,126.8072408
37.13789850798305,127.16152282435984,25945,574.0133397654344,경기도 용인시 처인구 남사면 아곡리 513-2 남곡사거리,37.139167,127.167786
37.5476186338057,126.86771897616325,574,4245.610636231451,경기도 고양시 덕양구 덕은동 225-4,37.58516769,126.8768944
37.24155410919994,127.02618134734664,11287,90.82403858408568,경기도 수원시 권선구 권선동 1358,37.24082709,127.0257114
37.24533369651789,126.82476155413616,34740,521.838113411901,경기도 화성시 남양읍 수화리 626-2,37.24823481,126.8201329
37.40978352124047,127.5384502663474,21540,293.2771372003759,경기도 양평군 개군면 상자포리 산47도,37.41229942,127.5394633
37.4842432969619,127.24379099665836,34125,1323.0453927313567,경기도 하남시 상산곡동 171-3,37.49316252,127.2338656
37.69994890922055,126.72021245026626,30292,274.664868584515,경기도 파주시 동패동 606-4,37.70220851,126.7189425
37.12618147785933,127.01918097125665,31379,443.993348271562,경기도 평택시 내천리 산 7-1,37.12961784,127.0166225
37.12709903048449,127.41226749488374,26056,1341.9357625843354,"경기도 용인시 처인구 백암면 고안리 973-66 써닝포인트, 지내 사거리",37.1390537,127.4100005
37.66036344321604,127.03795102957748,28071,3636.0197574601075,경기도 의정부시 장암동 382-38,37.68954622,127.0566785
37.39842321424105,127.30334997321988,3026,1238.4968981366467,경기도 광주시 초월읍 지월리 687-1천,37.40336114,127.2908063
37.5103284829323,126.75487173242712,7950,145.2337296857859,경기도 부천시 상동 526-2,37.50950782,126.7561512
37.34261715145747,126.81801675998436,16145,107.11424387272761,경기도 안산시 단원구 와동 809,37.34249845,126.8192164
37.25462986293537,126.88694522400192,35993,815.886895688647,경기도 화성시 비봉면 구포리 103-3,37.24787396,126.8833191
37.861398644931,126.88276942333846,30530,1314.3179647341888,경기도 파주시 법원읍 법원리 677-1번지,37.85208844,126.8735409
37.85036878006699,126.95700657633957,20706,1032.940373676389,경기도 양주시 광적면 덕도리 755,37.857983,126.963755
37.49061022638836,127.56425650301216,22849,1567.043267936565,경기도 양평군 용문면 삼성리 285-3대,37.4809262,127.5771504
37.45486533680124,127.3040803404352,3151,722.4251432981929,경기도 광주시 퇴촌면 정지리 299-2유,37.44888346,127.3072994
37.6687130684248,127.07644119950444,5848,2891.9273829105846,경기도 남양주시 별내동 1165-5,37.66507666,127.1088982
37.7049815728736,126.96911587732764,21217,916.5761317720661,경기도 양주시 장흥면 부곡리 630-4(송추교),37.71316749,126.9677444
37.53878195441668,127.45728412428068,22660,2057.912970782454,경기도 양평군 옥천면 옥천리 784-10 대,37.52024034,127.4571721
37.67160081537315,127.2428590338192,6709,695.6055025976444,경기도 남양주시 호평동 359-2,37.66880286,127.2499142
37.37508285650479,126.82189172967738,14750,898.0697262430471,경기도 시흥시 능곡동 능곡동 552번지,37.3715549,126.812767
37.46490721607557,126.86933308031443,2426,274.7945030796751,경기도 광명시 하안1동 702-3 가림어린이공원,37.46473869,126.8662341
37.56125313301707,127.4315386708065,22078,2950.083446950595,경기도 양평군 양서면 증동리 480-15답,37.53754308,127.416449
37.71128562814573,127.22583211906476,6443,1423.398122547692,경기도 남양주시 진접읍 금곡리 822-7,37.71399078,127.2100523
37.88207374787703,126.85611955825152,29876,1972.683534133188,경기도 파주시  금곡리 380-2,37.88563178,126.8780899
37.34136620548014,127.4597127482636,28738,922.2191384359894,경기도 이천시 백사면 모전리 522-5,37.345035,127.469051
37.39582370612456,127.54045801140036,23233,493.70970710481674,경기도 여주시 금사면 이포리 394,37.39406151,127.5353386
37.19882460840888,127.612769180342,29422,2066.0728313343893,경기도 이천시 장호원읍 대서리 546,37.180495,127.616838
37.40721345753136,127.26173962532306,2874,82.33423915201635,경기도 광주시 역동 28-118,37.4064739,127.2616666
37.18426278684396,127.02209757183178,24621,701.6780173925314,경기도 오산시 지곶동 311-7,37.178083,127.023767
37.54643388981525,126.6454767442812,4999,6901.86576329531,"경기도 김포시 양촌읍 대포리 322-127(검단양촌IC, 인천방향)",37.605761,126.622061
37.541370186865166,126.7602066288867,7818,1270.1129314718903,경기도 부천시 삼정동 12-6,37.53024933,126.7635961
37.46753327104644,127.45073981138968,21389,1838.7856015303014,경기도 양평군 강상면 신화리 439-11 도,37.46605712,127.4714427
37.12550229135044,127.37780120685848,26086,873.1133226762134,경기도 용인시 처인구 백암면 장평리 333 강정마을,37.120708,127.385591
37.26560208810504,126.8888875882326,35157,612.9541822014927,경기도 화성시 매송면 야목리 783-1,37.26215546,126.8834881
37.20841130889119,126.88164187600336,36086,128.75893521246073,경기도 화성시 비봉면 자안리 229-13,37.20760395,126.8806002
37.87669467033373,127.02451890412452,21172,275.55666035110954,경기도 양주시 은현면 선암리 451-4,37.874261,127.0239
37.51737183290716,127.3821478120528,21899,266.1040542133442,경기도 양평군 양서면 도곡리 335-4도,37.51497457,127.3820968
37.45378554562439,127.20793401510876,2731,2024.3298231675287,경기도 광주시 목현동 255-9도,37.43614004,127.2137246
37.61317306485461,126.73270088906042,5536,180.68036454516778,경기도 김포시 풍무동 16-10,37.612477,126.730851
37.907421116151504,126.93724070782204,30407,914.0869132825956,경기도 파주시 무건리 12-5,37.90408148,126.9467416
37.96534259658296,127.17440117955177,33595,1020.3810781059913,경기도 포천시 신북면 계류리 64 외북초교,37.9567104,127.1783945
37.6859429142056,126.60206166993632,5485,219.27663261591684,경기도 김포시 통진읍 마송리 630 (마송 다세대 빌라 인근),37.687173,126.604007
37.673201743684494,127.37467726231752,398,432.47291406506673,경기도 가평군 청평면 대성리 602-59,37.67674903,127.3767057
37.60914798552677,127.0602735835946,3235,5004.188724385548,경기도 구리시 갈매동 664,37.62469769,127.1134767
37.2982343458403,127.44207066348804,29131,357.02105961226005,경기도 이천시 송정동 107-57,37.29505,127.442642
37.14230827576009,127.2274218598868,26335,692.172157791688,경기도 용인시 처인구 이동읍 화산리 723-12 이음푸드시스템,37.146959,127.2222307
37.72037258795888,126.76832307675532,30771,237.2625692467611,경기도 파주시 야당동 258-21,37.72089863,126.7657147
37.52807911198515,126.92531599226474,2324,6417.2397392154035,경기도 광명시 철산동 16 (서측고가 진입),37.49134856,126.8692613
37.42857063093218,126.75170150580274,14931,2384.40793713736,경기도 시흥시 신천동 688,37.4355989,126.7771599
37.36450664552636,127.46350847050692,23638,2046.4497666912407,경기도 여주시 흥천면 외사리 619-4,37.35640227,127.4842579
37.75642865731649,127.29585231918642,5995,1473.2053434199754,경기도 남양주시 수동면 내방리 327-4,37.76529254,127.283408
37.534176551955845,127.16631741242404,34310,551.5931801220459,경기도 하남시 초이동 467-2,37.52931669,127.1650117
37.62596461540367,126.73622129869112,4673,594.297089529921,경기도 김포시 고촌읍 향산리 923-1 (종달새마을 오거리),37.627472,126.7426813
37.56537569139562,127.34968574003278,21907,1580.4819589591423,경기도 양평군 양서면 목왕리 619번지,37.55517028,127.3621611
37.153609549759416,126.93303424680174,38142,643.4837004154941,경기도 화성시 팔탄면 가재리 318-1,37.15431025,126.9258435
37.4486885377695,126.97489812890583,1651,1529.8316426039667,경기도 과천시 과천동 산95-17 남태령고개,37.45585202,126.9896697
37.55061060525946,126.88424737367843,574,3890.054594327393,경기도 고양시 덕양구 덕은동 225-4,37.58516769,126.8768944
37.45844097613792,127.3831985853097,21406,830.5484773362678,경기도 양평군 강하면 동오리 556-7대,37.45893835,127.3925653
37.51450809718992,127.49318946517892,22680,1497.3988997048336,경기도 양평군 옥천면 용천리 479-6번지,37.52759634,127.4890785
37.76783081812764,126.87748744945031,30607,1292.9666895292746,경기도 파주시 분수리 226-4,37.76020711,126.8663923
37.22615306997543,126.80082446144132,34795,612.4380473054597,경기도 화성시 남양읍 원천리 401,37.23156811,126.7994953
37.82793920057795,127.19356367688007,33327,1238.5468254445389,경기도 포천시 가산면 금현리 281-7 고인돌 사거리,37.8377801,127.2001965
37.11536936215811,126.93370626152736,38759,515.0694534266179,경기도 화성시 향남읍 하길리 464-1,37.11117049,126.9312374
37.43613419266529,126.73683978022864,14931,3568.8660756305535,경기도 시흥시 신천동 688,37.4355989,126.7771599
37.14491969549248,127.22067452146096,26335,265.2090881985556,경기도 용인시 처인구 이동읍 화산리 723-12 이음푸드시스템,37.146959,127.2222307
37.79124755179786,127.16874901195028,33544,1788.6236817665565,경기도 포천시 소흘읍 송우초교 사거리,37.7969509,127.149756
37.90140377243934,127.02949308557854,7150,426.201540455775,경기도 동두천시 상패동 361-6,37.89893487,127.0332045
37.28908205669174,126.73238956723978,15934,1904.729976919419,경기도 안산시 단원구 성곡동 798-5,37.29928334,126.7496645
37.50019578163494,126.85076360448863,2060,1610.4862117853677,경기도 광명시 광명동 6-55번지 조광빌라,37.49037864,126.8641747
37.91988110819886,127.15895736211904,33645,3290.3132348227264,경기도 포천시 신읍동 277(마을회관앞),37.8969545,127.1826752
37.91080637843194,126.98589075433036,20768,1692.248523917973,경기도 양주시 남면 신산리 171,37.897025,126.9776611
37.21019203048542,127.2974380246972,26126,1808.2590511412113,"경기도 용인시 처인구 양지면 남곡리 91 용가든(양지CC 입구), 790",37.226179,127.293506
37.57233528899808,127.35442808279954,21907,2023.9171645693252,경기도 양평군 양서면 목왕리 619번지,37.55517028,127.3621611
37.98818966988621,127.15264925559684,33839,2238.3877569146143,경기도 포천시 창수면 추동리 160-3(추동삼거리),37.9866575,127.178056
37.09155420479626,127.10234467316928,31690,376.96682198080873,경기도 평택시 마산리 815-40,37.09233981,127.0982195
37.28615614452946,127.44809658945928,29745,15.731774528923777,경기도 이천시 창전동 443-19,37.2861967,127.4479266
37.35652770397088,127.3489186741386,2625,635.376992710401,경기도 광주시 곤지암읍 열미리 570-2도,37.36025633,127.3543609
37.568249589925856,127.20411904336147,34051,822.125025468525,경기도 하남시 망월동 1169,37.56270242,127.1979522
37.26825698615828,126.77566592981428,34690,2491.312595101417,경기도 화성시 남양읍 문호리 281-8,37.26087423,126.8021897
37.29943619982166,127.07629416282464,25466,225.60621733566228,"경기도 용인시 수지구 상현동 516-1 광교파크프라자, 웅진아파트 102동 앞",37.300607,127.074214
37.26258869699062,127.0993963060612,25356,38.17123132764448,"경기도 용인시 기흥구 하갈동 279-12 고려냉장 도로건너편, 조은자원 앞",37.262508,127.098978
37.32740453580392,126.942601465938,4228,118.25699241053884,경기도 군포시 부곡동 1246-1,37.32664239,126.941669
37.281546192376446,127.33031495559834,2708,689.0448708734244,경기도 광주시 도척면 유정리 산43도,37.28718985,127.3335533
37.87498282603652,127.15160477905056,33467,1586.2621808432382,경기도 포천시 선단동 746-1번지,37.8611977,127.1563608
37.40451008277133,127.07032527735466,9877,1166.3020674076902,경기도 성남시 분당구 운중동 990번지 청계공원 내 산운마을 7단지 부근,37.3964263,127.0787416
37.31293138831592,127.08401738053406,25496,397.895883228731,경기도 용인시 수지구 상현동 69-4 방주어린이집 (상현로 150),37.3094,127.084792
37.50782443186631,127.3367900431604,2639,2441.934127677306,경기도 광주시 남종면 검천리 368-7도,37.52963027,127.3404695
37.3137847302089,127.53417560863907,23619,104.14331301923791,경기도 여주시 흥천면 대당리 543-1,37.31370982,127.5353467
37.539901695710775,127.21187558298352,34211,112.1777458528911,경기도 하남시 신장동 538,37.53959695,127.2130858
37.334130334317024,127.26061447842604,26024,765.4410927490908,경기도 용인시 처인구 모현읍 왕산리 513 중앙할인마트 외대입구,37.336395,127.252456
37.3423224767385,126.90307338322135,4456,183.0376309959038,경기도 군포시 속달동 산 1-1,37.34132742,126.9014261
37.70185861907434,127.40300076506512,400,1782.801082823998,경기도 가평군 청평면 대성리 769-2,37.69494064,127.3847565
37.447024940821855,127.3959719414998,21485,402.09203166527186,경기도 양평군 강하면 항금리 452-1답,37.4461321,127.4003758
37.31969323670607,127.24023736464392,25999,465.4922558484403,경기도 용인시 처인구 모현읍 갈담리 688,37.323097,127.243306
37.42431653477625,127.1253928300481,10540,641.0803098633564,경기도 성남시 여수동 219 (시청 출입구 앞),37.4185413,127.1255286
37.640476208130806,127.42152720808762,21667,360.58249684490283,경기도 양평군 서종면 노문리 산64-2,37.64014441,127.4174631
37.81019380656895,127.30583935609069,251,2541.2418090495203,경기도 가평군 상면 태봉리 303-2,37.80173443,127.3326544
37.68798489494959,126.83942284561483,726,1776.0467825580713,경기도 고양시 덕양구 원당동 372-2,37.67396165,126.8491207
37.77210591203443,126.7660850116611,30810,217.56852832096124,경기도 파주시 야동동 138-8,37.77316784,126.7640093
37.83018925844669,126.77591282622222,30140,359.8713948533561,경기도 파주시 능산리 663-1,37.82968899,126.7799517
37.338517935993295,126.94633939964886,4041,371.37361247359604,경기도 군포시 당정동 1020-1,37.34078186,126.9494255
37.092802314018535,127.0136161424024,33310,1026.6033724054234,경기도 평택시 회화리 301-15,37.09364861,127.0021171
37.880080173864606,126.84884892081628,30300,2345.5528603499615,경기도 파주시 두포리 190-3,37.89946327,126.8382268
37.29410583784651,127.00023530561772,13354,109.43849677213485,경기도 수원시 장안구 정자동 32-7,37.29507721,127.0004477
37.89357822073443,127.04064534467122,7145,378.52986991243193,경기도 동두천시 상패동 309번지,37.89518734,127.0444397
37.60213757126507,127.0634401960055,3282,4838.120445390885,경기도 구리시 교문동 339-33,37.60011528,127.1181693
37.337645043381976,126.72054932764308,15076,1232.209651943884,경기도 시흥시 정왕1동 1285,37.3282567,126.7279716
37.28463145860732,127.46714802650035,28211,224.17817677664218,경기도 이천시 갈산동 197-4번지,37.2853725,127.4647963
37.29721451879076,127.62480068578132,23521,292.7316707904279,경기도 여주시 하동 146,37.29835517,127.6277776
37.21273545585478,127.03634683399784,38063,114.01572506103919,경기도 화성시 진안동 868-8,37.21297575,127.0375957
37.56689092784162,126.78732501115267,7733,2637.9011731191713,경기도 부천시 대장동 79,37.54378718,126.7803193
37.897145770154026,127.12065797153736,7450,2526.007946575794,경기도 동두천시 탑동동 816-3,37.88985858,127.0934521
37.34249095402407,127.38726801493836,2618,1553.2880388829872,경기도 광주시 곤지암읍 신촌리 171-1도,37.32859301,127.3893351
37.803141395257335,126.86452503933702,31107,423.21044008466544,경기도 파주시 창만리 132-33,37.80652669,126.8623137
37.13421095147712,127.3361260030926,26351,2442.2141332264664,경기도 용인시 처인구 처인구 백암면 근삼리 산61-2,37.146583,127.358858
37.78574975936829,127.29653963770537,223,686.0033087222871,경기도 가평군 상면 상동리 361,37.78666981,127.2888386
38.05745793135863,127.10833579417113,23924,553.5978746526814,경기도 연천군 전곡읍 신답리 103-2,38.05247997,127.1087253
37.9129811346244,126.99391638893064,21158,1377.4389848067333,경기도 양주시 은현면 봉암리 183-1,37.907228,127.007795
37.62750708011558,126.92430541850273,610,3535.0938933326424,경기도 고양시 덕양구 삼송동 14-15,37.6503544,126.8963993
37.63680847328801,127.19117473150293,5674,747.9967289022403,경기도 남양주시 금곡동 756-1번지,37.63250153,127.1976927
37.93450397000986,126.96938961324254,31083,1955.803843066936,경기도 파주시 적성면 설마리 산6-1번지,37.92412108,126.9514158
37.925891514135685,127.03183347529108,7376,818.2277863591954,경기도 동두천시 안흥동 산62,37.92432083,127.0409261
37.82871369541616,126.79239744180644,30571,842.1420450203152,경기도 파주시 봉암리310-1,37.83202436,126.8010048
37.547799161253536,126.9769575382024,574,9764.833610836788,경기도 고양시 덕양구 덕은동 225-4,37.58516769,126.8768944
37.90135447587294,127.12681292269824,7450,3199.7366960823474,경기도 동두천시 탑동동 816-3,37.88985858,127.0934521
37.16384291514089,127.20469489067762,26315,807.5778489399682,경기도 용인시 처인구 이동읍 시미리 693-3,37.157125,127.208189
37.48480728021199,127.2401306880389,34125,1080.242526294545,경기도 하남시 상산곡동 171-3,37.49316252,127.2338656
37.69453411004002,127.35671266541036,6003,847.0797444160614,경기도 남양주시 수동면 송천리 산2,37.69157757,127.3655671
37.75816662679374,127.18093415613863,6495,578.2332730340622,경기도 남양주시 진접읍 부평리 산99-31번지,37.75451115,127.1856094
37.50805392352679,127.00251819238387,1816,5626.6667372409265,경기도 과천시 주암동 65-7번지 (정보통신연구원 한아름빌라옆),37.46322377,127.0322257
37.35539927817957,126.93193213133442,4323,317.01743976217085,경기도 군포시 산본동 1145-7,37.35614187,126.9284769
37.49098423312113,127.2664576140388,2646,1753.8815099542194,경기도 광주시 남종면 삼성리 219-4도,37.48210951,127.282866
37.187526042737694,127.2648598468293,26438,425.7806426977887,경기도 용인시 처인구 해곡동 289-1 별미마을,37.18809,127.269603
37.70084844038506,126.90854841241388,506,591.8540492004448,경기도 고양시 덕양구 고양동 205,37.70182244,126.90195
37.65247081046825,127.27360292111683,6924,235.06090967675007,경기도 남양주시 화도읍 묵현리 390-26,37.65425101,127.2750459
37.37845485467648,127.55855666799393,23259,1285.6005244207865,경기도 여주시 대신면 보통리 270-6,37.3807865,127.5727751
37.6519560300679,127.34259766512824,6970,660.8954265088654,경기도 남양주시 화도읍 월산리 68-2,37.6559477,127.3370402
37.47093862311869,126.96567395424717,1651,2703.740908507054,경기도 과천시 과천동 산95-17 남태령고개,37.45585202,126.9896697
37.56324428799689,126.80677489212728,7722,2648.857460116515,경기도 부천시 대장동 194-1,37.5427677,126.791376
37.84136186224478,127.18835775594488,33330,605.6123595869794,경기도 포천시 가산면 마산리 153-6번지 대영빌라,37.8467804,127.1891657
37.64466990340108,126.7545844062942,1158,526.9802565898066,경기도 고양시 일산동구 장항동 535-12,37.64213305,126.7596317
37.79887154658236,127.28665298353106,223,1367.9154812919137,경기도 가평군 상면 상동리 361,37.78666981,127.2888386
37.29472310981469,127.03190672572268,13098,198.2913490246678,경기도 수원시 장안구 연무동 245-49,37.2930662,127.03107
37.62948364205374,127.13051184039072,3357,667.981225621186,경기도 구리시 사노동 193-32,37.63105353,127.1378172
37.71109030527947,126.71974811888867,30983,693.735241260794,경기도 파주시 운정3동 618,37.70618089,126.7148789
37.58528690270828,127.12805572619568,3295,317.69468794111367,경기도 구리시 교문동 457,37.58806255,127.1289346
37.70131495673342,126.97999216000964,21240,1481.082734324235,경기도 양주시 장흥면 울대리 84-13,37.71459404,126.9783352
37.63185537955261,126.98780818060897,781,6722.006493433182,경기도 고양시 덕양구 지축동 595-7,37.65974355,126.9201965
37.76793392235314,127.2793176292278,5995,464.58623983665774,경기도 남양주시 수동면 내방리 327-4,37.76529254,127.283408
37.39066502775153,127.21953948439948,3068,418.26357875062126,경기도 광주시 태전동 341-2전,37.39439374,127.2202253
37.16503537423659,127.2064662082384,26315,891.135463296201,경기도 용인시 처인구 이동읍 시미리 693-3,37.157125,127.208189
37.59033990385301,127.13062206278616,3338,161.29523846213442,경기도 구리시 교문동 800-11,37.59027283,127.1324464
37.23992989389154,127.1716018537288,26108,189.1050762999348,경기도 용인시 처인구 삼가동 481-73,37.241572,127.171033
37.169876296019744,127.39755156175598,26069,1168.0067405495352,경기도 용인시 처인구 백암면 박곡리 584-5,37.170652,127.384436
37.43345067545319,126.92968982795702,20084,1257.815956070953,경기도 안양시 만안구 석수동 산68-2,37.42993517,126.9161792
37.96140923648061,127.08408149611428,7463,1651.9919905562508,경기도 동두천시 하봉암동 38-22번지,37.95715111,127.0660692
37.277418619920326,127.3289185891644,2708,1159.7161804338632,경기도 광주시 도척면 유정리 산43도,37.28718985,127.3335533
37.67142791415975,126.67752064964824,5228,713.7407956405799,경기도 김포시 운양동 831-2,37.665769,126.673678
37.311122352248496,126.77911385817067,15686,1284.2718472049562,경기도 안산시 단원구 산단로 278,37.31991665,126.7885304
37.4525102274533,127.53404928615804,21531,453.9922590031136,경기도 양평군 개군면 불곡리 404,37.45659877,127.5342092
37.65151452587817,126.81232742012274,567,1180.5527232474974,경기도 고양시 덕양구 대장동 226-2,37.64087873,126.8124907
37.73196039057299,127.23160284832824,6550,1326.1471859770377,경기도 남양주시 진접읍 진벌리 444-14,37.73812989,127.218719
37.35308578165557,127.35910388575704,2625,899.9422378588886,경기도 광주시 곤지암읍 열미리 570-2도,37.36025633,127.3543609
37.934864069002245,126.95274809794212,31083,1198.158654029302,경기도 파주시 적성면 설마리 산6-1번지,37.92412108,126.9514158
37.15085074135155,127.04048047657554,24345,581.7200921984511,경기도 오산시 서동 640,37.151962,127.034081
37.41979520721657,126.85328489009775,1872,373.26822887291297,경기도 광명시 가학동 115-2번지,37.4178716,126.8567438
37.269529348042376,127.5116958941844,28973,1262.1139851794258,경기도 이천시 부발읍 죽당리 1340,37.277966,127.521238
37.52711343346469,127.29863937233004,6292,819.6560210519975,경기도 남양주시 조안면 능내리 242-4,37.52068081,127.2940844
37.23321966393125,126.85553435251384,36054,815.4703004171888,경기도 화성시 비봉면 양노리 296-5,37.23587828,126.8641014
37.122081679748646,127.46185841625945,18950,774.4639527946315,경기도 안성시 일죽면 신흥리 940-13,37.12198341,127.4705722
37.78611379270652,126.9469926503787,21053,590.6374832818362,경기도 양주시 백석읍 홍죽리 산82-9(소사고개),37.78303253,126.9524593
37.45955982222696,126.89364707960132,2166,937.5383797708372,경기도 광명시 소하동 1299(달맞이어린이공원),37.45563105,126.8842663
37.15883054394987,126.88017353069776,38198,462.7251562205432,경기도 화성시 팔탄면 노하리 30,37.15746167,126.875253
37.656970904117536,126.76906380151516,1184,137.87525753653736,경기도 고양시 일산동구 장항동 863,37.6566607,126.7705768
37.92890292663317,127.12200396985804,7029,1329.6334188590174,경기도 동두천시 걸산동 50-11번지,37.92789781,127.1069337
37.53918631312893,127.52746747615404,22696,2418.5295148839436,경기도 양평군 옥천면 용천리 산87임,37.5322947,127.5015079
37.28555673798631,126.9092774618643,35111,18.816597144883332,경기도 화성시 매송면 송라리 176-2,37.28554247,126.9094889
37.51096400034596,127.51190586478096,22101,772.1065055186923,경기도 양평군 양평읍 공흥리 19-4번지,37.50400909,127.5117068
37.5758826306899,126.9731537103158,576,8555.354933974215,경기도 고양시 덕양구 덕은동 563-10,37.5945583,126.8791772
37.02678139161207,127.2342744153114,18046,474.96101645213685,경기도 안성시 대덕면 모산리 370,37.02818533,127.2393169
